UniProt_ID,Reference_Position,Amino_acid_position,Amino_acid_change,Type_x,Heatmap_Position,Protein_length,Unnamed: 7,Unnamed: 8,Unnamed: 9,Position,WT_Kinase,Mut_Kinase,Distance,Type_y
O00571,326,323,Arg/His,Pathogenic,4,662,,,,323,CDK6,CDK6,0.0,Pathogenic
O00571,326,323,Arg/His,Pathogenic,4,662,,,,323,CDK6,P38D,2.1476,Pathogenic
O00571,326,323,Arg/His,Pathogenic,4,662,,,,323,CDK6,MOK,5.1693,Pathogenic
O00571,326,323,Arg/His,Pathogenic,4,662,,,,323,CDK6,CDK5,0.6388,Pathogenic
P00441,101,99,Glu/Gly,Pathogenic,5,154,,,,99,FAM20C,FAM20C,0.0,Pathogenic
P00441,101,99,Glu/Gly,Pathogenic,5,154,,,,99,FAM20C,PLK2,2.7962,Pathogenic
P00441,106,103,Ser/Leu,Pathogenic,4,154,,,,103,TGFBR1,TGFBR1,0.0,Pathogenic
P00441,106,103,Ser/Leu,Pathogenic,4,154,,,,103,TGFBR1,BMPR1A,1.1896,Pathogenic
P00441,106,103,Ser/Leu,Pathogenic,4,154,,,,103,TGFBR1,CK1G2,42.8514,Pathogenic
P00441,106,103,Ser/Leu,Pathogenic,4,154,,,,103,TGFBR1,ACVR2A,0.8549,Pathogenic
P00441,107,108,Leu/Val,Pathogenic,8,154,,,,108,CAMK2G,BIKE,6.166,Pathogenic
P00441,140,143,Asn/Lys,Pathogenic,10,154,,,,143,HIPK4,HIPK4,0.0,Pathogenic
P00441,140,143,Asn/Lys,Pathogenic,10,154,,,,143,HIPK4,FAM20C,10.7064,Pathogenic
P00441,140,143,Asn/Lys,Pathogenic,10,154,,,,143,HIPK4,PKCB,10.7064,Pathogenic
P00441,145,143,Leu/Ser,Pathogenic,5,154,,,,143,HIPK4,HIPK4,0.0,Pathogenic
P00441,145,143,Leu/Ser,Pathogenic,5,154,,,,143,HIPK4,CK1G1,42.8514,Pathogenic
P00441,145,143,Leu/Ser,Pathogenic,5,154,,,,143,HIPK4,CK1E,42.8514,Pathogenic
P00441,145,143,Leu/Ser,Pathogenic,5,154,,,,143,HIPK4,NIM1,10.7065,Pathogenic
P00441,145,143,Leu/Ser,Pathogenic,5,154,,,,143,HIPK4,DYRK2,2.1861,Pathogenic
P00441,145,143,Leu/Ser,Pathogenic,5,154,,,,143,HIPK4,SGK3,10.7064,Pathogenic
P00441,145,143,Leu/Ser,Pathogenic,5,154,,,,143,HIPK4,DCAMKL1,10.7064,Pathogenic
P00441,145,143,Leu/Ser,Pathogenic,5,154,,,,143,HIPK4,QIK,10.7064,Pathogenic
P00558,164,168,Asp/Val,Pathogenic,11,417,,,,168,TNIK,MEK2,2.6273,Pathogenic
P00558,164,168,Asp/Val,Pathogenic,11,417,,,,168,TNIK,MEK1,2.6273,Pathogenic
P00558,164,168,Asp/Val,Pathogenic,11,417,,,,168,TNIK,MEKK2,2.6273,Pathogenic
P00558,164,168,Asp/Val,Pathogenic,11,417,,,,168,TNIK,TNIK,0.0,Pathogenic
P40337,65,68,Ser/Leu,Pathogenic,10,213,,,,68,BUB1,BUB1,0.0,Pathogenic
P40337,65,68,Ser/Leu,Pathogenic,10,213,,,,68,BUB1,HIPK4,10.7064,Pathogenic
P40337,78,80,Asn/Thr,Pathogenic,9,213,,,,80,ERK7,ERK7,0.0,Pathogenic
P40337,78,80,Asn/Thr,Pathogenic,9,213,,,,80,ERK7,NUAK1,9.0235,Pathogenic
P40337,78,80,Asn/Thr,Pathogenic,9,213,,,,80,ERK7,NUAK2,9.0235,Pathogenic
P40337,78,80,Asn/Thr,Pathogenic,9,213,,,,80,ERK7,PKN1,9.0234,Pathogenic
P40337,78,80,Asn/Thr,Pathogenic,9,213,,,,80,ERK7,HASPIN,9.0233,Pathogenic
P40337,78,80,Asn/Thr,Pathogenic,9,213,,,,80,ERK7,NEK2,2.1969000000000003,Pathogenic
P40337,78,80,Asn/Thr,Pathogenic,9,213,,,,80,ERK7,MST4,2.6273,Pathogenic
P40337,80,80,Ser/Ile,Pathogenic,7,213,,,41.0,80,ERK7,ERK7,0.0,Pathogenic
P40337,80,80,Ser/Ile,Pathogenic,7,213,,,41.0,80,ERK7,CDK17,10.7066,Pathogenic
P40337,80,80,Ser/Ile,Pathogenic,7,213,,,41.0,80,ERK7,P38D,10.7065,Pathogenic
P40337,82,80,Arg/Pro,Pathogenic,5,213,,,20.0,80,ERK7,ERK7,0.0,Pathogenic
P40337,82,80,Arg/Pro,Pathogenic,5,213,,,20.0,80,ERK7,CDK10,10.7065,Pathogenic
P40337,82,80,Arg/Pro,Pathogenic,5,213,,,20.0,80,ERK7,CDK17,10.7066,Pathogenic
P40337,82,80,Arg/Pro,Pathogenic,5,213,,,20.0,80,ERK7,HIPK3,10.7065,Pathogenic
P40337,84,80,Val/Leu,Pathogenic,3,213,,,,80,ERK7,ERK7,0.0,Pathogenic
P40337,84,80,Val/Leu,Pathogenic,3,213,,,,80,ERK7,CDK10,10.7065,Pathogenic
P49711,377,374,Arg/His,Pathogenic,4,727,,,46.0,374,SRPK2,PBK,10.7065,Pathogenic
P49711,448,450,Arg/Gln,Pathogenic,9,727,,,27.0,450,AURC,AURC,0.0,Pathogenic
P49711,448,450,Arg/Gln,Pathogenic,9,727,,,27.0,450,AURC,SKMLCK,1.9516,Pathogenic
P49711,448,450,Arg/Gln,Pathogenic,9,727,,,27.0,450,AURC,TSSK2,4.5147,Pathogenic
P49711,448,450,Arg/Gln,Pathogenic,9,727,,,27.0,450,AURC,SGK3,2.6681,Pathogenic
P49711,448,450,Arg/Gln,Pathogenic,9,727,,,27.0,450,AURC,MNK2,1.9517,Pathogenic
P49711,448,450,Arg/Gln,Pathogenic,9,727,,,27.0,450,AURC,PAK6,1.2301,Pathogenic
P49711,448,450,Arg/Gln,Pathogenic,9,727,,,27.0,450,AURC,DYRK3,10.7066,Pathogenic
P60709,206,202,Arg/Trp,Pathogenic,3,375,,,,202,GRK1,CAMKK1,6.1661,Pathogenic
P60709,206,202,Arg/Trp,Pathogenic,3,375,,,,202,GRK1,GRK5,1.5922,Pathogenic
P60709,206,202,Arg/Trp,Pathogenic,3,375,,,,202,GRK1,MEK1,6.166,Pathogenic
P60709,206,202,Arg/Trp,Pathogenic,3,375,,,,202,GRK1,CAMKK2,6.1661,Pathogenic
P60709,206,202,Arg/Trp,Pathogenic,3,375,,,,202,GRK1,TTBK1,2.7961,Pathogenic
P60953,159,161,Ala/Val,Pathogenic,9,191,,,,161,SMG1,ERK7,6.1661,Pathogenic
P60953,159,161,Ala/Val,Pathogenic,9,191,,,,161,SMG1,TAK1,6.1661,Pathogenic
P60953,159,161,Ala/Val,Pathogenic,9,191,,,,161,SMG1,MOS,2.4673,Pathogenic
P60953,159,161,Ala/Val,Pathogenic,9,191,,,,161,SMG1,BMPR1B,3.4852,Pathogenic
P60953,159,161,Ala/Val,Pathogenic,9,191,,,,161,SMG1,GAK,6.1661,Pathogenic
P60953,159,161,Ala/Val,Pathogenic,9,191,,,,161,SMG1,VRK1,6.1662,Pathogenic
P60953,159,161,Ala/Val,Pathogenic,9,191,,,,161,SMG1,JNK3,10.7065,Pathogenic
P60953,159,161,Ala/Val,Pathogenic,9,191,,,,161,SMG1,TAO3,6.1661,Pathogenic
O14578,308,307,Ser/Cys,Benign,6,2027,,,,307,EEF2K,MPSK1,3.0419,Benign
O14578,308,307,Ser/Cys,Benign,6,2027,,,,307,EEF2K,EEF2K,0.0,Benign
O14578,308,307,Ser/Cys,Benign,6,2027,,,,307,EEF2K,TNIK,1.5116,Benign
O14578,308,307,Ser/Cys,Benign,6,2027,,,,307,EEF2K,MYO3B,1.5117,Benign
O14578,308,307,Ser/Cys,Benign,6,2027,,,,307,EEF2K,HGK,1.5116,Benign
P30566,147,151,Lys/Met,Benign,11,484,,,,151,AURC,AURC,0.0,Benign
P30566,147,151,Lys/Met,Benign,11,484,,,,151,AURC,MARK3,4.5148,Benign
P30566,147,151,Lys/Met,Benign,11,484,,,,151,AURC,AURA,0.8431,Benign
P30566,147,151,Lys/Met,Benign,11,484,,,,151,AURC,QSK,4.5147,Benign
P30566,147,151,Lys/Met,Benign,11,484,,,,151,AURC,CLK2,10.7065,Benign
P31939,116,116,Thr/Ser,Benign,7,592,,,,116,CAMK2B,CAMK2B,0.0,Benign
P31939,116,116,Thr/Ser,Benign,7,592,,,,116,CAMK2B,TLK2,6.1662,Benign
P34897,50,48,Ser/Leu,Benign,5,504,,,,48,CAMK2A,CAMK2A,0.0,Benign
P34897,50,48,Ser/Leu,Benign,5,504,,,,48,CAMK2A,CK1G3,42.8514,Benign
P34897,50,48,Ser/Leu,Benign,5,504,,,,48,CAMK2A,MAPKAPK2,9.0233,Benign
P34897,50,48,Ser/Leu,Benign,5,504,,,,48,CAMK2A,ULK1,6.1661,Benign
P54819,191,194,His/Asp,Benign,10,239,,,,194,LKB1,MEKK1,1.274,Benign
P54819,191,194,His/Asp,Benign,10,239,,,,194,LKB1,MASTL,1.6958,Benign
P54819,191,194,His/Asp,Benign,10,239,,,,194,LKB1,CAMK2G,6.1663,Benign
P54819,191,194,His/Asp,Benign,10,239,,,,194,LKB1,YANK2,16.122999999999998,Benign
P54819,191,194,His/Asp,Benign,10,239,,,,194,LKB1,SSTK,9.0236,Benign
P54819,191,194,His/Asp,Benign,10,239,,,,194,LKB1,IRAK1,1.5947,Benign
P54819,191,194,His/Asp,Benign,10,239,,,,194,LKB1,MLK3,2.6277,Benign
P54819,191,194,His/Asp,Benign,10,239,,,,194,LKB1,MARK2,9.0235,Benign
P54819,191,194,His/Asp,Benign,10,239,,,,194,LKB1,MARK1,9.0236,Benign
P57081,390,391,Arg/Gln,Benign,8,412,,,,391,CLK2,CLK2,0.0,Benign
Q8WTW3,453,454,Glu/Gln,Benign,8,980,,,,454,PLK2,PLK2,0.0,Benign
Q9H211,491,491,Ser/Asn,Benign,7,546,,,,491,P38D,P38D,0.0,Benign
Q9H211,491,491,Ser/Asn,Benign,7,546,,,,491,P38D,JNK1,1.5809,Benign
Q9H211,491,491,Ser/Asn,Benign,7,546,,,,491,P38D,DYRK1B,5.1693,Benign
Q9H211,491,491,Ser/Asn,Benign,7,546,,,,491,P38D,CDK7,0.9927,Benign
P53621,917,917,Thr/Ala,Benign,7,1224,,,,917,ATR,DNAPK,0.8562000000000001,Benign
P53621,917,917,Thr/Ala,Benign,7,1224,,,,917,ATR,ATM,0.8562000000000001,Benign
P53621,917,917,Thr/Ala,Benign,7,1224,,,,917,ATR,IRAK1,6.166,Benign
P53621,917,917,Thr/Ala,Benign,7,1224,,,,917,ATR,NIM1,6.1661,Benign
P53621,917,917,Thr/Ala,Benign,7,1224,,,,917,ATR,SMG1,0.622,Benign
P53621,917,917,Thr/Ala,Benign,7,1224,,,,917,ATR,IRAK4,6.1662,Benign
P53621,917,917,Thr/Ala,Benign,7,1224,,,,917,ATR,WNK4,6.165900000000001,Benign
P53621,917,917,Thr/Ala,Benign,7,1224,,,,917,ATR,VRK1,6.1662,Benign
P62873,29,29,Thr/Ala,Benign,7,340,,,,29,TLK1,ACVR2A,6.1661,Benign
P62873,29,29,Thr/Ala,Benign,7,340,,,,29,TLK1,TLK1,0.0,Benign
P62873,29,29,Thr/Ala,Benign,7,340,,,,29,TLK1,MINK,2.6274,Benign
P62873,29,29,Thr/Ala,Benign,7,340,,,,29,TLK1,TLK2,0.6032,Benign
P62873,29,29,Thr/Ala,Benign,7,340,,,,29,TLK1,PLK1,6.1662,Benign
P62873,29,29,Thr/Ala,Benign,7,340,,,,29,TLK1,YSK4,2.6275,Benign
P07954,365,365,Ser/Gly,Pathogenic,7,510,,,,365,COT,CK1A,42.8515,Pathogenic
P07954,365,365,Ser/Gly,Pathogenic,7,510,,,,365,COT,CK1G2,42.8515,Pathogenic
P07954,365,365,Ser/Gly,Pathogenic,7,510,,,,365,COT,PLK2,6.1661,Pathogenic
P07954,365,365,Ser/Gly,Pathogenic,7,510,,,,365,COT,CK1E,42.8515,Pathogenic
P07954,365,365,Ser/Gly,Pathogenic,7,510,,,,365,COT,COT,0.0,Pathogenic
P07954,365,365,Ser/Gly,Pathogenic,7,510,,,,365,COT,MLK4,2.6275,Pathogenic
P40337,68,72,Ser/Pro,Pathogenic,11,213,,,,72,TGFBR2,DCAMKL1,9.0233,Pathogenic
P40337,68,72,Ser/Pro,Pathogenic,11,213,,,,72,TGFBR2,GRK3,6.1661,Pathogenic
P40337,68,72,Ser/Pro,Pathogenic,11,213,,,,72,TGFBR2,ATM,6.1661,Pathogenic
P40337,68,72,Ser/Pro,Pathogenic,11,213,,,,72,TGFBR2,CLK2,10.7065,Pathogenic
P40337,68,72,Ser/Pro,Pathogenic,11,213,,,,72,TGFBR2,SRPK2,10.7065,Pathogenic
P07954,366,366,Ser/Asn,Pathogenic,7,510,,,,366,TLK2,TLK2,0.0,Pathogenic
P07954,366,366,Ser/Asn,Pathogenic,7,510,,,,366,TLK2,CHAK2,1.9974,Pathogenic
P07954,366,366,Ser/Asn,Pathogenic,7,510,,,,366,TLK2,PKN3,9.0234,Pathogenic
P40337,80,80,Ser/Gly,Pathogenic,7,213,,,,80,ERK7,ERK7,0.0,Pathogenic
P40337,80,80,Ser/Gly,Pathogenic,7,213,,,,80,ERK7,CDK17,10.7066,Pathogenic
P40337,80,80,Ser/Gly,Pathogenic,7,213,,,,80,ERK7,P38D,10.7065,Pathogenic
P13639,279,280,Pro/Leu,Benign,8,858,,,,279,CDK16,JNK2,1.3643999999999998,Benign
P29401,280,283,Lys/Met,Benign,10,623,,,,280,BUB1,BUB1,0.0,Benign
P29401,280,283,Lys/Met,Benign,10,623,,,,280,BUB1,CDK2,10.7065,Benign
P29401,280,283,Lys/Met,Benign,10,623,,,,280,BUB1,SSTK,3.1013,Benign
P29401,280,283,Lys/Met,Benign,10,623,,,,280,BUB1,STK33,9.0232,Benign
P29401,280,283,Lys/Met,Benign,10,623,,,,280,BUB1,IRE2,9.0234,Benign
P09884,404,400,Thr/Met,Benign,3,1462,,,,404,PRP4,PRP4,0.0,Benign
P09884,404,400,Thr/Met,Benign,3,1462,,,,404,PRP4,BUB1,9.0234,Benign
P35240,581,585,Ala/Thr,Benign,11,595,,,,581,PKG1,HPK1,9.0231,Benign
P35240,581,585,Ala/Thr,Benign,11,595,,,,581,PKG1,PKG1,0.0,Benign
P35240,581,585,Ala/Thr,Benign,11,595,,,,581,PKG1,MRCKA,0.9012,Benign
P35240,581,585,Ala/Thr,Benign,11,595,,,,581,PKG1,MRCKB,0.9012,Benign
P35240,581,585,Ala/Thr,Benign,11,595,,,,581,PKG1,SKMLCK,2.6678,Benign
P35240,581,585,Ala/Thr,Benign,11,595,,,,581,PKG1,DMPK1,0.9013,Benign
P35240,581,585,Ala/Thr,Benign,11,595,,,,581,PKG1,KHS2,9.0231,Benign
P35240,581,585,Ala/Thr,Benign,11,595,,,,581,PKG1,LOK,9.0232,Benign
P35240,581,585,Ala/Thr,Benign,11,595,,,,581,PKG1,MYLK4,2.6678,Benign
Q5JTZ9,673,678,Arg/Gln,Benign,12,985,,,,673,P38B,JNK2,0.9929,Benign
Q5JTZ9,673,678,Arg/Gln,Benign,12,985,,,,673,P38B,P38B,0.0,Benign
Q8IYW5,174,170,Glu/Lys,Benign,3,571,,,,174,CK2A2,CK2A1,0.5084,Benign
Q8IYW5,174,170,Glu/Lys,Benign,3,571,,,,174,CK2A2,CK2A2,0.0,Benign
Q9BTW9,805,807,Glu/Lys,Benign,9,1192,,,,805,JNK1,FAM20C,10.7065,Benign
Q9BTW9,805,807,Glu/Lys,Benign,9,1192,,,,805,JNK1,CK2A2,10.7065,Benign
Q9NYP3,542,539,Glu/Lys,Benign,4,566,,,,542,SMG1,SMG1,0.0,Benign
Q9NYP3,542,539,Glu/Lys,Benign,4,566,,,,542,SMG1,ATM,0.8562000000000001,Benign
O14578,307,308,Ser/Ala,Benign,8,2027,,,,307,EEF2K,SRPK3,10.7067,Benign
O75643,932,934,Thr/Ala,Benign,9,2136,,,,932,CDK14,ERK5,10.7067,Benign
O75643,932,934,Thr/Ala,Benign,9,2136,,,,932,CDK14,IRAK1,10.7065,Benign
O75643,932,934,Thr/Ala,Benign,9,2136,,,,932,CDK14,CDC7,10.7064,Benign
O75643,932,934,Thr/Ala,Benign,9,2136,,,,932,CDK14,RIPK3,10.7065,Benign
O75643,932,934,Thr/Ala,Benign,9,2136,,,,932,CDK14,RIPK1,10.7065,Benign
O75643,932,934,Thr/Ala,Benign,9,2136,,,,932,CDK14,HASPIN,10.7065,Benign
O75643,932,934,Thr/Ala,Benign,9,2136,,,,932,CDK14,WNK4,10.7064,Benign
O15160,258,262,Ile/Thr,Pathogenic,11,346,,,,258,HIPK3,HIPK3,0.0,Pathogenic
O15160,258,262,Ile/Thr,Pathogenic,11,346,,,,258,HIPK3,SBK,10.7064,Pathogenic
O15160,258,262,Ile/Thr,Pathogenic,11,346,,,,258,HIPK3,DYRK1B,0.6771,Pathogenic
O15160,258,262,Ile/Thr,Pathogenic,11,346,,,,258,HIPK3,DYRK1A,0.5684,Pathogenic
O15160,258,262,Ile/Thr,Pathogenic,11,346,,,,258,HIPK3,HIPK2,0.6771,Pathogenic
O15160,258,262,Ile/Thr,Pathogenic,11,346,,,,258,HIPK3,HIPK1,0.3656,Pathogenic
P11166,234,232,Arg/Cys,Pathogenic,5,492,,,,234,DMPK1,DMPK1,0.0,Pathogenic
O00571,489,488,Arg/Cys,Pathogenic,6,662,,,,489,BUB1,BUB1,0.0,Pathogenic
O00571,489,488,Arg/Cys,Pathogenic,6,662,,,,489,BUB1,COT,9.0233,Pathogenic
O00571,489,488,Arg/Cys,Pathogenic,6,662,,,,489,BUB1,PKCZ,1.6957999999999998,Pathogenic
O00571,489,488,Arg/Cys,Pathogenic,6,662,,,,489,BUB1,PIM1,4.5146,Pathogenic
O00571,489,488,Arg/Cys,Pathogenic,6,662,,,,489,BUB1,ICK,10.7065,Pathogenic
P00441,99,101,Glu/Lys,Pathogenic,9,154,,,,99,FAM20C,FAM20C,0.0,Pathogenic
P00441,99,101,Glu/Lys,Pathogenic,9,154,,,,99,FAM20C,CK2A2,3.4852,Pathogenic
P00441,99,101,Glu/Lys,Pathogenic,9,154,,,,99,FAM20C,PLK3,2.7962,Pathogenic
P00441,99,101,Glu/Lys,Pathogenic,9,154,,,,99,FAM20C,JNK1,10.7065,Pathogenic
P01130,110,109,Cys/Tyr,Pathogenic,6,860,,,,110,CAMK2A,CAMK2A,0.0,Pathogenic
P01130,110,109,Cys/Tyr,Pathogenic,6,860,,,,110,CAMK2A,DNAPK,2.7962,Pathogenic
P01130,110,109,Cys/Tyr,Pathogenic,6,860,,,,110,CAMK2A,ATM,2.7962,Pathogenic
P25490,378,375,Arg/Gln,Pathogenic,4,414,,,,378,PBK,PBK,0.0,Pathogenic
P30566,239,242,Thr/Ile,Pathogenic,10,484,,,,239,BIKE,BIKE,0.0,Pathogenic
P30566,239,242,Thr/Ile,Pathogenic,10,484,,,,239,BIKE,AAK1,0.3774,Pathogenic
P40337,68,70,Glu/Lys,Pathogenic,9,213,,,,68,BUB1,PRKD1,3.1013,Pathogenic
P40337,68,70,Glu/Lys,Pathogenic,9,213,,,,68,BUB1,BUB1,0.0,Pathogenic
P40337,68,70,Glu/Lys,Pathogenic,9,213,,,,68,BUB1,DYRK4,10.7065,Pathogenic
P40337,68,70,Glu/Lys,Pathogenic,9,213,,,,68,BUB1,DNAPK,9.0232,Pathogenic
P40337,68,72,Ser/Pro,Pathogenic,11,213,,,,68,BUB1,FAM20C,9.0232,Pathogenic
P40337,68,72,Ser/Pro,Pathogenic,11,213,,,,68,BUB1,RIPK1,9.0232,Pathogenic
P40337,68,72,Ser/Pro,Pathogenic,11,213,,,,68,BUB1,TSSK2,3.1012,Pathogenic
O00571,323,326,Arg/Cys,Pathogenic,10,662,,,,323,CDK6,CDK5,0.6388,Pathogenic
O00571,323,326,Arg/Cys,Pathogenic,10,662,,,,323,CDK6,CDK6,0.0,Pathogenic
O00571,323,326,Arg/Cys,Pathogenic,10,662,,,,323,CDK6,P38B,2.1478,Pathogenic
O00571,323,326,Arg/Cys,Pathogenic,10,662,,,,323,CDK6,ERK7,10.7065,Pathogenic
O00571,323,326,Arg/Cys,Pathogenic,10,662,,,,323,CDK6,P38D,2.1476,Pathogenic
O15160,34,30,Pro/Ser,Pathogenic,3,346,,,,34,GSK3A,GSK3A,0.0,Pathogenic
O15160,34,30,Pro/Ser,Pathogenic,3,346,,,,34,GSK3A,GRK5,21.1391,Pathogenic
O15160,34,30,Pro/Ser,Pathogenic,3,346,,,,34,GSK3A,PIM3,21.1392,Pathogenic
O15160,34,30,Pro/Ser,Pathogenic,3,346,,,,34,GSK3A,LATS1,21.1393,Pathogenic
O15160,34,30,Pro/Ser,Pathogenic,3,346,,,,34,GSK3A,BRSK1,21.1392,Pathogenic
P07437,48,52,Asn/Ser,Pathogenic,11,444,,,,48,AURA,CK1G3,42.8514,Pathogenic
P07437,48,52,Asn/Ser,Pathogenic,11,444,,,,48,AURA,AURA,0.0,Pathogenic
P07437,218,221,Thr/Ile,Pathogenic,10,444,,,,218,CRIK,CRIK,0.0,Pathogenic
P07437,218,221,Thr/Ile,Pathogenic,10,444,,,,218,CRIK,P70S6K,0.6452,Pathogenic
P07437,218,221,Thr/Ile,Pathogenic,10,444,,,,218,CRIK,SMG1,9.0231,Pathogenic
P07437,218,221,Thr/Ile,Pathogenic,10,444,,,,218,CRIK,MEK2,9.0232,Pathogenic
P07437,218,221,Thr/Ile,Pathogenic,10,444,,,,218,CRIK,MRCKA,1.8454,Pathogenic
P07437,218,221,Thr/Ile,Pathogenic,10,444,,,,218,CRIK,NEK4,9.0233,Pathogenic
P07437,218,221,Thr/Ile,Pathogenic,10,444,,,,218,CRIK,NEK2,9.0233,Pathogenic
P07437,218,221,Thr/Ile,Pathogenic,10,444,,,,218,CRIK,ROCK1,1.8454,Pathogenic
P17480,208,210,Glu/Lys,Pathogenic,9,764,,,,208,MINK,MINK,0.0,Pathogenic
P17480,208,210,Glu/Lys,Pathogenic,9,764,,,,208,MINK,CDK2,10.7065,Pathogenic
P17480,208,210,Glu/Lys,Pathogenic,9,764,,,,208,MINK,YANK2,16.122700000000002,Pathogenic
P17480,208,210,Glu/Lys,Pathogenic,9,764,,,,208,MINK,BIKE,3.0416,Pathogenic
P17480,208,210,Glu/Lys,Pathogenic,9,764,,,,208,MINK,MYO3B,0.5473,Pathogenic
P17480,208,210,Glu/Lys,Pathogenic,9,764,,,,208,MINK,PINK1,2.6274,Pathogenic
P17480,208,210,Glu/Lys,Pathogenic,9,764,,,,208,MINK,CDK3,10.7064,Pathogenic
P17480,208,210,Glu/Lys,Pathogenic,9,764,,,,208,MINK,DNAPK,6.166,Pathogenic
P17480,208,210,Glu/Lys,Pathogenic,9,764,,,,208,MINK,HGK,0.2915999999999999,Pathogenic
P17480,208,210,Glu/Lys,Pathogenic,9,764,,,,208,MINK,ZAK,2.6273,Pathogenic
P25490,365,369,Asn/Ser,Pathogenic,11,414,,,,365,AURA,AURA,0.0,Pathogenic
P25490,365,369,Asn/Ser,Pathogenic,11,414,,,,365,AURA,PRKX,2.668,Pathogenic
P25490,365,369,Asn/Ser,Pathogenic,11,414,,,,365,AURA,PAK6,1.23,Pathogenic
P49711,374,378,Pro/Leu,Pathogenic,11,727,,,,374,SRPK2,PBK,10.7065,Pathogenic
P49711,374,378,Pro/Leu,Pathogenic,11,727,,,,374,SRPK2,PASK,10.7064,Pathogenic
P07954,365,362,Glu/Lys,Pathogenic,4,510,,,,365,COT,CK1A,42.8515,Pathogenic
P07954,365,362,Glu/Lys,Pathogenic,4,510,,,,365,COT,CK1E,42.8515,Pathogenic
P40337,72,75,Ile/Ser,Pathogenic,10,213,,,,72,TGFBR2,TGFBR2,0.0,Pathogenic
P40337,72,75,Ile/Ser,Pathogenic,10,213,,,,72,TGFBR2,ATM,6.1661,Pathogenic
P40337,72,75,Ile/Ser,Pathogenic,10,213,,,,72,TGFBR2,NDR2,9.0234,Pathogenic
P40337,72,75,Ile/Ser,Pathogenic,10,213,,,,72,TGFBR2,DAPK1,9.0233,Pathogenic
P40337,72,75,Ile/Ser,Pathogenic,10,213,,,,72,TGFBR2,DCAMKL1,9.0233,Pathogenic
P40337,72,75,Ile/Ser,Pathogenic,10,213,,,,72,TGFBR2,PKN3,9.0233,Pathogenic
P40337,72,75,Ile/Ser,Pathogenic,10,213,,,,72,TGFBR2,P90RSK,9.0232,Pathogenic
P40337,80,78,Asn/Asp,Pathogenic,5,213,,,,80,ERK7,ERK7,0.0,Pathogenic
P40337,80,78,Asn/Asp,Pathogenic,5,213,,,,80,ERK7,CDK10,10.7065,Pathogenic
P40337,80,78,Asn/Asp,Pathogenic,5,213,,,,80,ERK7,CDK17,10.7066,Pathogenic
P40337,80,78,Asn/Asp,Pathogenic,5,213,,,,80,ERK7,HIPK3,10.7065,Pathogenic
P40337,80,81,Pro/Leu,Pathogenic,8,213,,,,80,ERK7,ERK7,0.0,Pathogenic
P40337,80,82,Arg/Leu,Pathogenic,9,213,,,,80,ERK7,ERK7,0.0,Pathogenic
P40337,80,82,Arg/Leu,Pathogenic,9,213,,,,80,ERK7,NUAK1,9.0235,Pathogenic
P40337,80,82,Arg/Leu,Pathogenic,9,213,,,,80,ERK7,NUAK2,9.0235,Pathogenic
P40337,80,82,Arg/Leu,Pathogenic,9,213,,,,80,ERK7,PKN1,9.0234,Pathogenic
P40337,80,82,Arg/Leu,Pathogenic,9,213,,,,80,ERK7,HASPIN,9.0233,Pathogenic
P40337,80,82,Arg/Leu,Pathogenic,9,213,,,,80,ERK7,NEK2,2.1969000000000003,Pathogenic
P40337,80,82,Arg/Leu,Pathogenic,9,213,,,,80,ERK7,MST4,2.6273,Pathogenic
P40337,80,84,Val/Met,Pathogenic,11,213,,,,80,ERK7,ERK7,0.0,Pathogenic
P40337,80,84,Val/Met,Pathogenic,11,213,,,,80,ERK7,CDK5,10.7065,Pathogenic
P40337,80,84,Val/Met,Pathogenic,11,213,,,,80,ERK7,CDK17,10.7066,Pathogenic
P40337,80,84,Val/Met,Pathogenic,11,213,,,,80,ERK7,CDK3,10.7065,Pathogenic
P40337,80,84,Val/Met,Pathogenic,11,213,,,,80,ERK7,CDK14,10.7066,Pathogenic
P40337,80,84,Val/Met,Pathogenic,11,213,,,,80,ERK7,CDK10,10.7065,Pathogenic
P40337,80,84,Val/Met,Pathogenic,11,213,,,,80,ERK7,CDK4,10.7065,Pathogenic
